Model,Test MSE
Global Mean,1.5591178641582832
User Mean,1.9124749905308376
Item Mean,1.9867923491024322
Bias Model,1.437052575369529
